competition,season,n_team_month_slices,mean_slice_missing_pct,median_slice_missing_pct,worst_slice_missing_pct,worst_team_name,worst_month,worst_n_matches
Australia A-League,2021,83,1.2134848919487475,0.0,8.333333333333334,Adelaide United FC,11,2
Australia A-League,2022,92,0.8756038647342995,0.0,8.333333333333334,Melbourne City FC,5,2
Australia A-League,2023,91,1.388888888888889,0.0,14.583333333333334,Perth Glory FC,1,4
Australia A-League,2024,104,1.1311431623931623,0.0,8.333333333333334,Perth Glory FC,10,2
Austria Bundesliga,2021,120,1.167824074074074,0.0,10.416666666666666,FC Admira Wacker Mödling,7,2
Austria Bundesliga,2022,120,0.8333333333333334,0.0,8.333333333333334,FC Salzburg,7,2
Austria Bundesliga,2023,120,1.0416666666666667,0.0,8.333333333333334,FC Salzburg,7,1
Austria Bundesliga,2024,110,1.8200757575757576,0.0,22.22222222222222,SK Austria Klagenfurt,11,3
Belgium Pro League,2021,188,1.2910017730496457,0.0,27.77777777777778,YR KV Mechelen,1,3
Belgium Pro League,2022,196,0.9197845804988661,0.0,8.333333333333334,RSC Anderlecht,7,2
Belgium Pro League,2023,178,1.2562421972534332,0.0,20.833333333333332,Royal Standard de Liège,5,4
Belgium Pro League,2024,176,1.838304924242424,0.0,16.666666666666668,Club Brugge KV,3,4
Denmark Superliga,2021,108,0.8757716049382717,0.0,8.333333333333334,Aalborg BK,7,2
Denmark Superliga,2022,120,0.84375,0.0,8.333333333333334,Lyngby Boldklub,7,2
Denmark Superliga,2023,120,0.8564814814814814,0.0,8.333333333333334,Brøndby IF,7,2
Denmark Superliga,2024,120,0.8153935185185186,0.0,8.333333333333334,FC København,7,2
England Championship,2021,240,0.3402777777777778,0.0,3.3333333333333335,Stoke City FC,8,5
England Championship,2022,262,1.1596540651884162,0.0,25.0,Wigan Athletic FC,5,1
England Championship,2023,240,0.4166666666666667,0.0,5.208333333333333,Stoke City FC,8,4
England Championship,2024,240,1.5292658730158732,0.0,16.666666666666668,Leeds United FC,10,5
England EFL League One,2021,220,0.38212481962481964,0.0,3.3333333333333335,Sunderland AFC,8,5
England EFL League One,2022,264,1.040088383838384,0.0,8.333333333333334,Burton Albion FC,7,1
England EFL League One,2023,220,0.36363636363636365,0.0,3.3333333333333335,Burton Albion FC,8,5
England EFL League One,2024,240,1.123015873015873,0.0,33.333333333333336,Rotherham United FC,11,2
England EFL League Two,2021,240,0.37471064814814814,0.0,4.166666666666667,Oldham Athletic AFC,8,5
England EFL League Two,2022,264,1.1368897306397308,0.0,25.0,Doncaster Rovers FC,5,1
England EFL League Two,2023,220,0.44002525252525254,0.0,8.333333333333334,Doncaster Rovers FC,5,2
England EFL League Two,2024,240,1.855613425925926,0.0,22.916666666666668,Doncaster Rovers FC,8,4
England Premier League,2021,200,0.5781249999999999,0.0,5.555555555555555,Arsenal FC,8,3
England Premier League,2022,200,0.43229166666666674,0.0,4.166666666666667,Fulham FC,8,5
England Premier League,2023,200,0.564236111111111,0.0,5.555555555555555,Arsenal FC,8,3
England Premier League,2024,200,0.8876984126984127,0.0,8.333333333333334,Tottenham Hotspur FC,8,2
France Ligue 1,2021,200,0.4864583333333334,0.0,5.555555555555555,Olympique de Marseille,8,3
France Ligue 1,2022,220,0.4526515151515152,0.0,5.0,Stade de Reims,8,5
France Ligue 1,2023,180,0.5555555555555556,0.0,5.555555555555555,AS Monaco FC,8,3
France Ligue 1,2024,180,1.6589506172839505,0.0,11.11111111111111,Le Havre AC,10,3
France Ligue 2,2021,220,0.8585858585858587,0.0,8.333333333333334,Stade Malherbe Caen,7,2
France Ligue 2,2022,238,0.9284547152194211,0.0,16.666666666666668,FC Girondins de Bordeaux,6,1
France Ligue 2,2023,200,0.41666666666666674,0.0,4.166666666666667,Stade Malherbe Caen,8,4
France Ligue 2,2024,180,2.7307098765432096,0.0,22.22222222222222,Stade Malherbe Caen,11,3
Germany 2. Bundesliga,2021,198,0.8459595959595959,0.0,8.333333333333334,SV Werder Bremen,7,2
Germany 2. Bundesliga,2022,180,0.9158950617283951,0.0,8.333333333333334,Hamburger SV,7,2
Germany 2. Bundesliga,2023,198,1.0521885521885523,0.0,8.333333333333334,FC Schalke 04,7,1
Germany 2. Bundesliga,2024,180,1.9695216049382713,0.0,22.22222222222222,Düsseldorfer TuS Fortuna 1895,11,3
Germany Bundesliga,2021,180,0.628858024691358,0.0,5.555555555555555,BVB 09 Borussia Dortmund,8,3
Germany Bundesliga,2022,162,0.4929698216735254,0.0,5.208333333333333,1. FC Köln,8,4
Germany Bundesliga,2023,180,0.8333333333333334,0.0,8.333333333333334,BVB 09 Borussia Dortmund,8,2
Germany Bundesliga,2024,180,1.48070987654321,0.0,8.333333333333334,BVB 09 Borussia Dortmund,8,2
India Indian Super League,2021,54,2.0421810699588474,0.0,19.444444444444443,NorthEast United FC,11,3
India Indian Super League,2022,61,1.1737249544626596,0.0,9.375,Odisha FC,10,4
India Indian Super League,2023,87,1.479086845466156,0.0,14.583333333333334,FC Goa,12,4
Italy Serie A,2021,200,0.8833333333333334,0.0,8.333333333333334,SSC Napoli,8,2
Italy Serie A,2022,200,0.7486111111111111,0.0,16.666666666666668,Juventus FC,6,1
Italy Serie A,2023,202,0.8044554455445545,0.0,8.333333333333334,SSC Napoli,8,2
Italy Serie A,2024,200,1.2430555555555556,0.0,12.5,Torino FC,10,4
Italy Serie B,2022,206,1.1262810140237325,0.0,6.944444444444445,US Città di Palermo,8,3
Italy Serie B,2023,200,0.5909722222222222,0.0,8.333333333333334,AC Pisa 1909,8,2
Italy Serie B,2024,204,1.5115351696234047,0.0,9.523809523809524,ASD Spezia Calcio 2008,5,7
Netherlands Eredivisie,2021,180,0.6925154320987654,0.0,5.555555555555555,AFC Ajax,8,3
Netherlands Eredivisie,2022,166,0.5622489959839359,0.0,5.555555555555555,Feyenoord Rotterdam,11,3
Netherlands Eredivisie,2023,180,0.691358024691358,0.0,8.333333333333334,AFC Ajax,8,2
Netherlands Eredivisie,2024,180,1.4332561728395061,0.0,22.22222222222222,FC Twente,10,3
Poland Ekstraklasa,2022,180,0.7866512345679013,0.0,8.333333333333334,WKS Śląsk Wrocław,7,2
Poland Ekstraklasa,2023,180,1.0127314814814816,0.0,8.333333333333334,RTS Widzew Łódź,7,2
Poland Ekstraklasa,2024,184,0.8876811594202899,0.0,8.333333333333334,KP Legia Warszawa,7,2
Portugal Liga NOS,2021,180,0.4895833333333333,0.0,4.166666666666667,SL Benfica,8,4
Portugal Liga NOS,2022,178,0.6195380774032461,0.0,5.208333333333333,GD Chaves,8,4
Portugal Liga NOS,2023,180,0.5864197530864197,0.0,8.333333333333334,Sporting Braga,8,2
Portugal Liga NOS,2024,180,1.584490740740741,0.0,16.666666666666668,FC Porto,10,2
Saudi Arabia Professional League,2021,160,2.415364583333333,0.0,29.166666666666668,Al Taawon FC,6,2
Saudi Arabia Professional League,2022,143,1.9036519036519037,0.0,25.0,Al Nassr FC,8,1
Saudi Arabia Professional League,2023,162,0.46296296296296297,0.0,5.208333333333333,Al Taawon FC,8,4
Saudi Arabia Professional League,2024,180,1.6747685185185184,0.0,22.22222222222222,Al Ahli SC Jeddah,11,3
Scotland Premiership,2021,128,1.0552300347222223,0.0,13.88888888888889,Saint Mirren FC,5,3
Scotland Premiership,2022,132,1.1679292929292928,0.0,14.583333333333334,Kilmarnock FC,4,4
Scotland Premiership,2023,120,0.9957010582010583,0.0,25.0,Kilmarnock FC,4,3
Scotland Premiership,2024,120,2.1377314814814814,0.0,22.22222222222222,Celtic FC,11,3
Spain La Liga,2021,200,0.5746527777777778,0.0,6.944444444444445,Granada CF,8,3
Spain La Liga,2022,220,0.5397727272727273,0.0,8.333333333333334,Real Club Deportivo Mallorca,8,3
Spain La Liga,2023,200,0.6125,0.0,6.944444444444445,Club Atlético de Madrid,8,3
Spain La Liga,2024,200,0.8371527777777779,0.0,22.22222222222222,Real Valladolid Club de Fútbol,12,3
Spain Segunda División,2021,224,0.6581721230158731,0.0,8.333333333333334,UD Las Palmas,6,2
Spain Segunda División,2022,224,0.9291294642857143,0.0,6.944444444444445,SD Eibar,8,3
Spain Segunda División,2023,242,0.576216712580349,0.0,6.944444444444445,CD Leganés,8,3
Spain Segunda División,2024,236,1.5213041431261773,0.0,16.666666666666668,SD Eibar,11,4
Switzerland Super League,2021,110,0.9154040404040406,0.0,8.333333333333334,BSC Young Boys,7,2
Switzerland Super League,2022,100,0.6944444444444445,0.0,8.333333333333334,FC Basel 1893,7,2
Switzerland Super League,2023,132,0.7575757575757576,0.0,8.333333333333334,FC Basel 1893,7,2
Switzerland Super League,2024,132,1.638257575757576,0.0,22.22222222222222,FC Sion,11,3
Turkey Süper Lig,2021,200,0.5993055555555554,0.0,5.555555555555555,Fenerbahçe,8,3
Turkey Süper Lig,2023,200,0.6388888888888888,0.0,8.333333333333334,Fenerbahçe,8,2
Turkey Süper Lig,2024,194,1.857101947308133,0.0,22.22222222222222,Çaykur Rizespor,11,3
