comp_name,season,comp_season_id,n_teams,total_matches,regular_matches,non_regular_matches,non_regular_kept_matches,non_regular_filtered_matches,non_regular_share,distinct_round_ids,regular_round_ids,non_regular_round_ids,kept_round_ids,filtered_round_ids,min_team_matches,max_team_matches,median_team_matches,first_match_date,last_match_date,notes
Australia A-League,2021,6639,12,163,156,7,0,7,0.04294478527607362,4,1,3,1,3,26,30,26.5,2021-11-19T00:00:00+00:00,2022-05-28T00:00:00+00:00,Exact regular/non-regular split taken from persisted FSMatch.regular_season flag. Kept/filtered non-regular matches derived from LEAGUE_VALID_ROUND_IDS_BY_SEASON.
Australia A-League,2022,8008,12,163,156,7,0,7,0.04294478527607362,4,1,3,1,3,26,29,26.5,2022-10-07T00:00:00+00:00,2023-06-03T00:00:00+00:00,Exact regular/non-regular split taken from persisted FSMatch.regular_season flag. Kept/filtered non-regular matches derived from LEAGUE_VALID_ROUND_IDS_BY_SEASON.
Australia A-League,2023,10505,12,169,162,7,0,7,0.04142011834319527,4,1,3,1,3,27,31,27.5,2023-10-20T00:00:00+00:00,2024-05-25T00:00:00+00:00,Exact regular/non-regular split taken from persisted FSMatch.regular_season flag. Kept/filtered non-regular matches derived from LEAGUE_VALID_ROUND_IDS_BY_SEASON.
Australia A-League,2024,13703,13,176,169,7,0,7,0.03977272727272727,4,1,3,1,3,26,30,26.0,2024-10-18T00:00:00+00:00,2025-05-31T00:00:00+00:00,Exact regular/non-regular split taken from persisted FSMatch.regular_season flag. Kept/filtered non-regular matches derived from LEAGUE_VALID_ROUND_IDS_BY_SEASON.
Austria Bundesliga,2021,6008,12,195,132,63,60,3,0.3230769230769231,5,1,4,3,2,32,35,32.0,2021-07-23T00:00:00+00:00,2022-05-29T00:00:00+00:00,Exact regular/non-regular split taken from persisted FSMatch.regular_season flag. Kept/filtered non-regular matches derived from LEAGUE_VALID_ROUND_IDS_BY_SEASON.
Austria Bundesliga,2022,7890,12,195,132,63,60,3,0.3230769230769231,5,1,4,3,2,32,35,32.0,2022-07-22T00:00:00+00:00,2023-06-11T00:00:00+00:00,Exact regular/non-regular split taken from persisted FSMatch.regular_season flag. Kept/filtered non-regular matches derived from LEAGUE_VALID_ROUND_IDS_BY_SEASON.
Austria Bundesliga,2023,9954,12,195,132,63,60,3,0.3230769230769231,5,1,4,3,2,32,35,32.0,2023-07-28T00:00:00+00:00,2024-05-28T00:00:00+00:00,Exact regular/non-regular split taken from persisted FSMatch.regular_season flag. Kept/filtered non-regular matches derived from LEAGUE_VALID_ROUND_IDS_BY_SEASON.
Austria Bundesliga,2024,12472,12,195,132,63,60,3,0.3230769230769231,5,1,4,3,2,32,35,32.0,2024-08-02T00:00:00+00:00,2025-06-01T00:00:00+00:00,Exact regular/non-regular split taken from persisted FSMatch.regular_season flag. Kept/filtered non-regular matches derived from LEAGUE_VALID_ROUND_IDS_BY_SEASON.
Belgium Pro League,2021,6079,18,330,306,24,0,24,0.07272727272727272,3,1,2,1,2,34,40,34.0,2021-07-23T00:00:00+00:00,2022-05-22T00:00:00+00:00,Exact regular/non-regular split taken from persisted FSMatch.regular_season flag. Kept/filtered non-regular matches derived from LEAGUE_VALID_ROUND_IDS_BY_SEASON.
Belgium Pro League,2022,7544,18,330,306,24,0,24,0.07272727272727272,3,1,2,1,2,34,40,34.0,2022-07-22T00:00:00+00:00,2023-06-04T00:00:00+00:00,Exact regular/non-regular split taken from persisted FSMatch.regular_season flag. Kept/filtered non-regular matches derived from LEAGUE_VALID_ROUND_IDS_BY_SEASON.
Belgium Pro League,2023,9577,16,313,240,73,60,13,0.23322683706070288,5,1,4,3,2,36,41,40.0,2023-07-28T00:00:00+00:00,2024-06-02T00:00:00+00:00,Exact regular/non-regular split taken from persisted FSMatch.regular_season flag. Kept/filtered non-regular matches derived from LEAGUE_VALID_ROUND_IDS_BY_SEASON.
Belgium Pro League,2024,12137,16,313,240,73,60,13,0.23322683706070288,5,1,4,3,2,36,41,40.0,2024-07-26T00:00:00+00:00,2025-05-29T00:00:00+00:00,Exact regular/non-regular split taken from persisted FSMatch.regular_season flag. Kept/filtered non-regular matches derived from LEAGUE_VALID_ROUND_IDS_BY_SEASON.
Denmark Superliga,2021,5961,12,193,132,61,60,1,0.3160621761658031,4,1,3,3,1,32,33,32.0,2021-07-16T00:00:00+00:00,2022-05-29T00:00:00+00:00,Exact regular/non-regular split taken from persisted FSMatch.regular_season flag. Kept/filtered non-regular matches derived from LEAGUE_VALID_ROUND_IDS_BY_SEASON.
Denmark Superliga,2022,7426,12,193,132,61,60,1,0.3160621761658031,4,1,3,3,1,32,33,32.0,2022-07-15T00:00:00+00:00,2023-06-09T00:00:00+00:00,Exact regular/non-regular split taken from persisted FSMatch.regular_season flag. Kept/filtered non-regular matches derived from LEAGUE_VALID_ROUND_IDS_BY_SEASON.
Denmark Superliga,2023,9545,12,193,132,61,60,1,0.3160621761658031,4,1,3,3,1,32,33,32.0,2023-07-21T00:00:00+00:00,2024-05-31T00:00:00+00:00,Exact regular/non-regular split taken from persisted FSMatch.regular_season flag. Kept/filtered non-regular matches derived from LEAGUE_VALID_ROUND_IDS_BY_SEASON.
Denmark Superliga,2024,12132,12,193,132,61,60,1,0.3160621761658031,4,1,3,3,1,32,33,32.0,2024-07-19T00:00:00+00:00,2025-06-01T00:00:00+00:00,Exact regular/non-regular split taken from persisted FSMatch.regular_season flag. Kept/filtered non-regular matches derived from LEAGUE_VALID_ROUND_IDS_BY_SEASON.
England Championship,2021,6089,24,557,552,5,0,5,0.008976660682226212,3,1,2,1,2,46,49,46.0,2021-08-06T00:00:00+00:00,2022-05-29T00:00:00+00:00,Exact regular/non-regular split taken from persisted FSMatch.regular_season flag. Kept/filtered non-regular matches derived from LEAGUE_VALID_ROUND_IDS_BY_SEASON.
England Championship,2022,7593,24,557,552,5,0,5,0.008976660682226212,3,1,2,1,2,46,49,46.0,2022-07-29T00:00:00+00:00,2023-05-27T00:00:00+00:00,Exact regular/non-regular split taken from persisted FSMatch.regular_season flag. Kept/filtered non-regular matches derived from LEAGUE_VALID_ROUND_IDS_BY_SEASON.
England Championship,2023,9663,24,557,552,5,0,5,0.008976660682226212,3,1,2,1,2,46,49,46.0,2023-08-04T00:00:00+00:00,2024-05-26T00:00:00+00:00,Exact regular/non-regular split taken from persisted FSMatch.regular_season flag. Kept/filtered non-regular matches derived from LEAGUE_VALID_ROUND_IDS_BY_SEASON.
England Championship,2024,12451,24,557,552,5,0,5,0.008976660682226212,3,1,2,1,2,46,49,46.0,2024-08-09T00:00:00+00:00,2025-05-24T00:00:00+00:00,Exact regular/non-regular split taken from persisted FSMatch.regular_season flag. Kept/filtered non-regular matches derived from LEAGUE_VALID_ROUND_IDS_BY_SEASON.
England EFL League One,2021,6017,24,557,552,5,0,5,0.008976660682226212,3,1,2,1,2,46,49,46.0,2021-08-07T00:00:00+00:00,2022-05-21T00:00:00+00:00,Exact regular/non-regular split taken from persisted FSMatch.regular_season flag. Kept/filtered non-regular matches derived from LEAGUE_VALID_ROUND_IDS_BY_SEASON.
England EFL League One,2022,7570,24,557,552,5,0,5,0.008976660682226212,3,1,2,1,2,46,49,46.0,2022-07-30T00:00:00+00:00,2023-05-29T00:00:00+00:00,Exact regular/non-regular split taken from persisted FSMatch.regular_season flag. Kept/filtered non-regular matches derived from LEAGUE_VALID_ROUND_IDS_BY_SEASON.
England EFL League One,2023,9582,24,557,552,5,0,5,0.008976660682226212,3,1,2,1,2,46,49,46.0,2023-08-05T00:00:00+00:00,2024-05-18T00:00:00+00:00,Exact regular/non-regular split taken from persisted FSMatch.regular_season flag. Kept/filtered non-regular matches derived from LEAGUE_VALID_ROUND_IDS_BY_SEASON.
England EFL League One,2024,12446,24,557,552,5,0,5,0.008976660682226212,3,1,2,1,2,46,49,46.0,2024-08-09T00:00:00+00:00,2025-05-25T00:00:00+00:00,Exact regular/non-regular split taken from persisted FSMatch.regular_season flag. Kept/filtered non-regular matches derived from LEAGUE_VALID_ROUND_IDS_BY_SEASON.
England EFL League Two,2021,6015,24,557,552,5,0,5,0.008976660682226212,3,1,2,1,2,46,49,46.0,2021-08-07T00:00:00+00:00,2022-05-28T00:00:00+00:00,Exact regular/non-regular split taken from persisted FSMatch.regular_season flag. Kept/filtered non-regular matches derived from LEAGUE_VALID_ROUND_IDS_BY_SEASON.
England EFL League Two,2022,7574,24,557,552,5,0,5,0.008976660682226212,3,1,2,1,2,46,49,46.0,2022-07-30T00:00:00+00:00,2023-05-28T00:00:00+00:00,Exact regular/non-regular split taken from persisted FSMatch.regular_season flag. Kept/filtered non-regular matches derived from LEAGUE_VALID_ROUND_IDS_BY_SEASON.
England EFL League Two,2023,9581,24,557,552,5,0,5,0.008976660682226212,3,1,2,1,2,46,49,46.0,2023-08-05T00:00:00+00:00,2024-05-19T00:00:00+00:00,Exact regular/non-regular split taken from persisted FSMatch.regular_season flag. Kept/filtered non-regular matches derived from LEAGUE_VALID_ROUND_IDS_BY_SEASON.
England EFL League Two,2024,12422,24,557,552,5,0,5,0.008976660682226212,3,1,2,1,2,46,49,46.0,2024-08-09T00:00:00+00:00,2025-05-26T00:00:00+00:00,Exact regular/non-regular split taken from persisted FSMatch.regular_season flag. Kept/filtered non-regular matches derived from LEAGUE_VALID_ROUND_IDS_BY_SEASON.
England Premier League,2021,6135,20,380,380,0,0,0,0.0,1,1,0,1,0,38,38,38.0,2021-08-13T00:00:00+00:00,2022-05-22T00:00:00+00:00,Exact regular/non-regular split taken from persisted FSMatch.regular_season flag. Kept/filtered non-regular matches derived from LEAGUE_VALID_ROUND_IDS_BY_SEASON.
England Premier League,2022,7704,20,380,380,0,0,0,0.0,1,1,0,1,0,38,38,38.0,2022-08-05T00:00:00+00:00,2023-05-28T00:00:00+00:00,Exact regular/non-regular split taken from persisted FSMatch.regular_season flag. Kept/filtered non-regular matches derived from LEAGUE_VALID_ROUND_IDS_BY_SEASON.
England Premier League,2023,9660,20,380,380,0,0,0,0.0,1,1,0,1,0,38,38,38.0,2023-08-11T00:00:00+00:00,2024-05-19T00:00:00+00:00,Exact regular/non-regular split taken from persisted FSMatch.regular_season flag. Kept/filtered non-regular matches derived from LEAGUE_VALID_ROUND_IDS_BY_SEASON.
England Premier League,2024,12325,20,380,380,0,0,0,0.0,1,1,0,1,0,38,38,38.0,2024-08-16T00:00:00+00:00,2025-05-25T00:00:00+00:00,Exact regular/non-regular split taken from persisted FSMatch.regular_season flag. Kept/filtered non-regular matches derived from LEAGUE_VALID_ROUND_IDS_BY_SEASON.
France Ligue 1,2021,6019,20,380,380,0,0,0,0.0,1,1,0,1,0,38,38,38.0,2021-08-06T00:00:00+00:00,2022-05-21T00:00:00+00:00,Exact regular/non-regular split taken from persisted FSMatch.regular_season flag. Kept/filtered non-regular matches derived from LEAGUE_VALID_ROUND_IDS_BY_SEASON.
France Ligue 1,2022,7500,20,380,380,0,0,0,0.0,1,1,0,1,0,38,38,38.0,2022-08-05T00:00:00+00:00,2023-06-03T00:00:00+00:00,Exact regular/non-regular split taken from persisted FSMatch.regular_season flag. Kept/filtered non-regular matches derived from LEAGUE_VALID_ROUND_IDS_BY_SEASON.
France Ligue 1,2023,9674,18,306,306,0,0,0,0.0,1,1,0,1,0,34,34,34.0,2023-08-11T00:00:00+00:00,2024-05-19T00:00:00+00:00,Exact regular/non-regular split taken from persisted FSMatch.regular_season flag. Kept/filtered non-regular matches derived from LEAGUE_VALID_ROUND_IDS_BY_SEASON.
France Ligue 1,2024,12337,18,306,306,0,0,0,0.0,1,1,0,1,0,34,34,34.0,2024-08-16T00:00:00+00:00,2025-05-17T00:00:00+00:00,Exact regular/non-regular split taken from persisted FSMatch.regular_season flag. Kept/filtered non-regular matches derived from LEAGUE_VALID_ROUND_IDS_BY_SEASON.
France Ligue 2,2021,6018,20,382,380,2,0,2,0.005235602094240838,3,1,2,1,2,38,40,38.0,2021-07-24T00:00:00+00:00,2022-05-20T00:00:00+00:00,Exact regular/non-regular split taken from persisted FSMatch.regular_season flag. Kept/filtered non-regular matches derived from LEAGUE_VALID_ROUND_IDS_BY_SEASON.
France Ligue 2,2022,7501,20,380,380,0,0,0,0.0,1,1,0,1,0,38,38,38.0,2022-07-30T00:00:00+00:00,2023-06-02T00:00:00+00:00,Exact regular/non-regular split taken from persisted FSMatch.regular_season flag. Kept/filtered non-regular matches derived from LEAGUE_VALID_ROUND_IDS_BY_SEASON.
France Ligue 2,2023,9621,20,382,380,2,0,2,0.005235602094240838,3,1,2,1,2,38,40,38.0,2023-08-05T00:00:00+00:00,2024-05-24T00:00:00+00:00,Exact regular/non-regular split taken from persisted FSMatch.regular_season flag. Kept/filtered non-regular matches derived from LEAGUE_VALID_ROUND_IDS_BY_SEASON.
France Ligue 2,2024,12338,18,308,306,2,0,2,0.006493506493506494,3,1,2,1,2,34,36,34.0,2024-08-16T00:00:00+00:00,2025-05-17T00:00:00+00:00,Exact regular/non-regular split taken from persisted FSMatch.regular_season flag. Kept/filtered non-regular matches derived from LEAGUE_VALID_ROUND_IDS_BY_SEASON.
Germany 2. Bundesliga,2021,6020,18,306,306,0,0,0,0.0,1,1,0,1,0,34,34,34.0,2021-07-23T00:00:00+00:00,2022-05-15T00:00:00+00:00,Exact regular/non-regular split taken from persisted FSMatch.regular_season flag. Kept/filtered non-regular matches derived from LEAGUE_VALID_ROUND_IDS_BY_SEASON.
Germany 2. Bundesliga,2022,7499,18,306,306,0,0,0,0.0,1,1,0,1,0,34,34,34.0,2022-07-15T00:00:00+00:00,2023-05-28T00:00:00+00:00,Exact regular/non-regular split taken from persisted FSMatch.regular_season flag. Kept/filtered non-regular matches derived from LEAGUE_VALID_ROUND_IDS_BY_SEASON.
Germany 2. Bundesliga,2023,9656,18,306,306,0,0,0,0.0,1,1,0,1,0,34,34,34.0,2023-07-28T00:00:00+00:00,2024-05-19T00:00:00+00:00,Exact regular/non-regular split taken from persisted FSMatch.regular_season flag. Kept/filtered non-regular matches derived from LEAGUE_VALID_ROUND_IDS_BY_SEASON.
Germany 2. Bundesliga,2024,12528,18,306,306,0,0,0,0.0,1,1,0,1,0,34,34,34.0,2024-08-02T00:00:00+00:00,2025-05-18T00:00:00+00:00,Exact regular/non-regular split taken from persisted FSMatch.regular_season flag. Kept/filtered non-regular matches derived from LEAGUE_VALID_ROUND_IDS_BY_SEASON.
Germany Bundesliga,2021,6192,18,306,306,0,0,0,0.0,1,1,0,1,0,34,34,34.0,2021-08-13T00:00:00+00:00,2022-05-14T00:00:00+00:00,Exact regular/non-regular split taken from persisted FSMatch.regular_season flag. Kept/filtered non-regular matches derived from LEAGUE_VALID_ROUND_IDS_BY_SEASON.
Germany Bundesliga,2022,7664,18,306,306,0,0,0,0.0,1,1,0,1,0,34,34,34.0,2022-08-05T00:00:00+00:00,2023-05-27T00:00:00+00:00,Exact regular/non-regular split taken from persisted FSMatch.regular_season flag. Kept/filtered non-regular matches derived from LEAGUE_VALID_ROUND_IDS_BY_SEASON.
Germany Bundesliga,2023,9655,18,306,306,0,0,0,0.0,1,1,0,1,0,34,34,34.0,2023-08-18T00:00:00+00:00,2024-05-18T00:00:00+00:00,Exact regular/non-regular split taken from persisted FSMatch.regular_season flag. Kept/filtered non-regular matches derived from LEAGUE_VALID_ROUND_IDS_BY_SEASON.
Germany Bundesliga,2024,12529,18,306,306,0,0,0,0.0,1,1,0,1,0,34,34,34.0,2024-08-23T00:00:00+00:00,2025-05-17T00:00:00+00:00,Exact regular/non-regular split taken from persisted FSMatch.regular_season flag. Kept/filtered non-regular matches derived from LEAGUE_VALID_ROUND_IDS_BY_SEASON.
India Indian Super League,2021,6659,11,115,110,5,0,5,0.043478260869565216,3,1,2,1,2,20,23,20.0,2021-11-19T00:00:00+00:00,2022-03-20T00:00:00+00:00,Exact regular/non-regular split taken from persisted FSMatch.regular_season flag. Kept/filtered non-regular matches derived from LEAGUE_VALID_ROUND_IDS_BY_SEASON.
India Indian Super League,2022,8342,11,117,110,7,0,7,0.05982905982905983,4,1,3,1,3,20,24,21.0,2022-10-07T00:00:00+00:00,2023-03-18T00:00:00+00:00,Exact regular/non-regular split taken from persisted FSMatch.regular_season flag. Kept/filtered non-regular matches derived from LEAGUE_VALID_ROUND_IDS_BY_SEASON.
India Indian Super League,2023,10625,12,139,132,7,0,7,0.050359712230215826,4,1,3,1,3,22,25,22.5,2023-09-21T00:00:00+00:00,2024-05-04T00:00:00+00:00,Exact regular/non-regular split taken from persisted FSMatch.regular_season flag. Kept/filtered non-regular matches derived from LEAGUE_VALID_ROUND_IDS_BY_SEASON.
Italy Serie A,2021,6198,20,380,380,0,0,0,0.0,1,1,0,1,0,38,38,38.0,2021-08-21T00:00:00+00:00,2022-05-22T00:00:00+00:00,Exact regular/non-regular split taken from persisted FSMatch.regular_season flag. Kept/filtered non-regular matches derived from LEAGUE_VALID_ROUND_IDS_BY_SEASON.
Italy Serie A,2022,7608,20,381,380,1,0,1,0.0026246719160104987,2,1,1,1,1,38,39,38.0,2022-08-13T00:00:00+00:00,2023-06-11T00:00:00+00:00,Exact regular/non-regular split taken from persisted FSMatch.regular_season flag. Kept/filtered non-regular matches derived from LEAGUE_VALID_ROUND_IDS_BY_SEASON.
Italy Serie A,2023,9697,20,380,380,0,0,0,0.0,1,1,0,1,0,38,38,38.0,2023-08-19T00:00:00+00:00,2024-06-02T00:00:00+00:00,Exact regular/non-regular split taken from persisted FSMatch.regular_season flag. Kept/filtered non-regular matches derived from LEAGUE_VALID_ROUND_IDS_BY_SEASON.
Italy Serie A,2024,12530,20,380,380,0,0,0,0.0,1,1,0,1,0,38,38,38.0,2024-08-17T00:00:00+00:00,2025-05-25T00:00:00+00:00,Exact regular/non-regular split taken from persisted FSMatch.regular_season flag. Kept/filtered non-regular matches derived from LEAGUE_VALID_ROUND_IDS_BY_SEASON.
Italy Serie B,2022,7864,20,390,380,10,0,10,0.02564102564102564,5,1,4,1,4,38,43,38.0,2022-08-12T00:00:00+00:00,2023-06-11T00:00:00+00:00,Exact regular/non-regular split taken from persisted FSMatch.regular_season flag. Kept/filtered non-regular matches derived from LEAGUE_VALID_ROUND_IDS_BY_SEASON.
Italy Serie B,2023,9808,20,390,380,10,0,10,0.02564102564102564,5,1,4,1,4,38,42,38.0,2023-08-18T00:00:00+00:00,2024-06-02T00:00:00+00:00,Exact regular/non-regular split taken from persisted FSMatch.regular_season flag. Kept/filtered non-regular matches derived from LEAGUE_VALID_ROUND_IDS_BY_SEASON.
Italy Serie B,2024,12621,20,390,380,10,0,10,0.02564102564102564,5,1,4,1,4,38,42,38.0,2024-08-16T00:00:00+00:00,2025-06-22T00:00:00+00:00,Exact regular/non-regular split taken from persisted FSMatch.regular_season flag. Kept/filtered non-regular matches derived from LEAGUE_VALID_ROUND_IDS_BY_SEASON.
Netherlands Eredivisie,2021,5951,18,312,306,6,0,6,0.019230769230769232,3,1,2,1,2,34,38,34.0,2021-08-13T00:00:00+00:00,2022-05-29T00:00:00+00:00,Exact regular/non-regular split taken from persisted FSMatch.regular_season flag. Kept/filtered non-regular matches derived from LEAGUE_VALID_ROUND_IDS_BY_SEASON.
Netherlands Eredivisie,2022,7482,18,312,306,6,0,6,0.019230769230769232,3,1,2,1,2,34,38,34.0,2022-08-05T00:00:00+00:00,2023-06-11T00:00:00+00:00,Exact regular/non-regular split taken from persisted FSMatch.regular_season flag. Kept/filtered non-regular matches derived from LEAGUE_VALID_ROUND_IDS_BY_SEASON.
Netherlands Eredivisie,2023,9653,18,309,306,3,0,3,0.009708737864077669,3,1,2,1,2,34,36,34.0,2023-08-11T00:00:00+00:00,2024-05-26T00:00:00+00:00,Exact regular/non-regular split taken from persisted FSMatch.regular_season flag. Kept/filtered non-regular matches derived from LEAGUE_VALID_ROUND_IDS_BY_SEASON.
Netherlands Eredivisie,2024,12322,18,309,306,3,0,3,0.009708737864077669,3,1,2,1,2,34,36,34.0,2024-08-09T00:00:00+00:00,2025-05-25T00:00:00+00:00,Exact regular/non-regular split taken from persisted FSMatch.regular_season flag. Kept/filtered non-regular matches derived from LEAGUE_VALID_ROUND_IDS_BY_SEASON.
Poland Ekstraklasa,2022,7428,18,306,306,0,0,0,0.0,1,1,0,1,0,34,34,34.0,2022-07-15T00:00:00+00:00,2023-05-27T00:00:00+00:00,Exact regular/non-regular split taken from persisted FSMatch.regular_season flag. Kept/filtered non-regular matches derived from LEAGUE_VALID_ROUND_IDS_BY_SEASON.
Poland Ekstraklasa,2023,9553,18,306,306,0,0,0,0.0,1,1,0,1,0,34,34,34.0,2023-07-21T00:00:00+00:00,2024-05-25T00:00:00+00:00,Exact regular/non-regular split taken from persisted FSMatch.regular_season flag. Kept/filtered non-regular matches derived from LEAGUE_VALID_ROUND_IDS_BY_SEASON.
Poland Ekstraklasa,2024,12120,18,306,306,0,0,0,0.0,1,1,0,1,0,34,34,34.0,2024-07-19T00:00:00+00:00,2025-05-24T00:00:00+00:00,Exact regular/non-regular split taken from persisted FSMatch.regular_season flag. Kept/filtered non-regular matches derived from LEAGUE_VALID_ROUND_IDS_BY_SEASON.
Portugal Liga NOS,2021,6117,18,306,306,0,0,0,0.0,1,1,0,1,0,34,34,34.0,2021-08-06T00:00:00+00:00,2022-05-15T00:00:00+00:00,Exact regular/non-regular split taken from persisted FSMatch.regular_season flag. Kept/filtered non-regular matches derived from LEAGUE_VALID_ROUND_IDS_BY_SEASON.
Portugal Liga NOS,2022,7731,18,306,306,0,0,0,0.0,1,1,0,1,0,34,34,34.0,2022-08-05T00:00:00+00:00,2023-05-27T00:00:00+00:00,Exact regular/non-regular split taken from persisted FSMatch.regular_season flag. Kept/filtered non-regular matches derived from LEAGUE_VALID_ROUND_IDS_BY_SEASON.
Portugal Liga NOS,2023,9984,18,306,306,0,0,0,0.0,1,1,0,1,0,34,34,34.0,2023-08-11T00:00:00+00:00,2024-05-18T00:00:00+00:00,Exact regular/non-regular split taken from persisted FSMatch.regular_season flag. Kept/filtered non-regular matches derived from LEAGUE_VALID_ROUND_IDS_BY_SEASON.
Portugal Liga NOS,2024,12931,18,306,306,0,0,0,0.0,1,1,0,1,0,34,34,34.0,2024-08-09T00:00:00+00:00,2025-05-17T00:00:00+00:00,Exact regular/non-regular split taken from persisted FSMatch.regular_season flag. Kept/filtered non-regular matches derived from LEAGUE_VALID_ROUND_IDS_BY_SEASON.
Saudi Arabia Professional League,2021,6212,16,240,240,0,0,0,0.0,1,1,0,1,0,30,30,30.0,2021-08-11T00:00:00+00:00,2022-06-27T00:00:00+00:00,Exact regular/non-regular split taken from persisted FSMatch.regular_season flag. Kept/filtered non-regular matches derived from LEAGUE_VALID_ROUND_IDS_BY_SEASON.
Saudi Arabia Professional League,2022,8089,16,240,240,0,0,0,0.0,1,1,0,1,0,30,30,30.0,2022-08-25T00:00:00+00:00,2023-05-31T00:00:00+00:00,Exact regular/non-regular split taken from persisted FSMatch.regular_season flag. Kept/filtered non-regular matches derived from LEAGUE_VALID_ROUND_IDS_BY_SEASON.
Saudi Arabia Professional League,2023,9883,18,306,306,0,0,0,0.0,1,1,0,1,0,34,34,34.0,2023-08-11T00:00:00+00:00,2024-05-27T00:00:00+00:00,Exact regular/non-regular split taken from persisted FSMatch.regular_season flag. Kept/filtered non-regular matches derived from LEAGUE_VALID_ROUND_IDS_BY_SEASON.
Saudi Arabia Professional League,2024,12772,18,306,306,0,0,0,0.0,1,1,0,1,0,34,34,34.0,2024-08-22T00:00:00+00:00,2025-05-26T00:00:00+00:00,Exact regular/non-regular split taken from persisted FSMatch.regular_season flag. Kept/filtered non-regular matches derived from LEAGUE_VALID_ROUND_IDS_BY_SEASON.
Scotland Premiership,2021,5992,12,228,198,30,30,0,0.13157894736842105,2,1,1,2,0,38,38,38.0,2021-07-31T00:00:00+00:00,2022-05-15T00:00:00+00:00,Exact regular/non-regular split taken from persisted FSMatch.regular_season flag. Kept/filtered non-regular matches derived from LEAGUE_VALID_ROUND_IDS_BY_SEASON.
Scotland Premiership,2022,7494,12,228,198,30,30,0,0.13157894736842105,2,1,1,2,0,38,38,38.0,2022-07-30T00:00:00+00:00,2023-05-28T00:00:00+00:00,Exact regular/non-regular split taken from persisted FSMatch.regular_season flag. Kept/filtered non-regular matches derived from LEAGUE_VALID_ROUND_IDS_BY_SEASON.
Scotland Premiership,2023,9636,12,228,198,30,30,0,0.13157894736842105,2,1,1,2,0,38,38,38.0,2023-08-05T00:00:00+00:00,2024-05-19T00:00:00+00:00,Exact regular/non-regular split taken from persisted FSMatch.regular_season flag. Kept/filtered non-regular matches derived from LEAGUE_VALID_ROUND_IDS_BY_SEASON.
Scotland Premiership,2024,12455,12,228,198,30,30,0,0.13157894736842105,2,1,1,2,0,38,38,38.0,2024-08-03T00:00:00+00:00,2025-05-18T00:00:00+00:00,Exact regular/non-regular split taken from persisted FSMatch.regular_season flag. Kept/filtered non-regular matches derived from LEAGUE_VALID_ROUND_IDS_BY_SEASON.
Spain La Liga,2021,6211,20,380,380,0,0,0,0.0,1,1,0,1,0,38,38,38.0,2021-08-13T00:00:00+00:00,2022-05-22T00:00:00+00:00,Exact regular/non-regular split taken from persisted FSMatch.regular_season flag. Kept/filtered non-regular matches derived from LEAGUE_VALID_ROUND_IDS_BY_SEASON.
Spain La Liga,2022,7665,20,380,380,0,0,0,0.0,1,1,0,1,0,38,38,38.0,2022-08-12T00:00:00+00:00,2023-06-04T00:00:00+00:00,Exact regular/non-regular split taken from persisted FSMatch.regular_season flag. Kept/filtered non-regular matches derived from LEAGUE_VALID_ROUND_IDS_BY_SEASON.
Spain La Liga,2023,9665,20,380,380,0,0,0,0.0,1,1,0,1,0,38,38,38.0,2023-08-11T00:00:00+00:00,2024-05-26T00:00:00+00:00,Exact regular/non-regular split taken from persisted FSMatch.regular_season flag. Kept/filtered non-regular matches derived from LEAGUE_VALID_ROUND_IDS_BY_SEASON.
Spain La Liga,2024,12316,20,380,380,0,0,0,0.0,1,1,0,1,0,38,38,38.0,2024-08-15T00:00:00+00:00,2025-05-25T00:00:00+00:00,Exact regular/non-regular split taken from persisted FSMatch.regular_season flag. Kept/filtered non-regular matches derived from LEAGUE_VALID_ROUND_IDS_BY_SEASON.
Spain Segunda División,2021,6120,22,468,462,6,0,6,0.01282051282051282,3,1,2,1,2,42,46,42.0,2021-08-13T00:00:00+00:00,2022-06-19T00:00:00+00:00,Exact regular/non-regular split taken from persisted FSMatch.regular_season flag. Kept/filtered non-regular matches derived from LEAGUE_VALID_ROUND_IDS_BY_SEASON.
Spain Segunda División,2022,7592,22,468,462,6,0,6,0.01282051282051282,3,1,2,1,2,42,46,42.0,2022-08-12T00:00:00+00:00,2023-06-17T00:00:00+00:00,Exact regular/non-regular split taken from persisted FSMatch.regular_season flag. Kept/filtered non-regular matches derived from LEAGUE_VALID_ROUND_IDS_BY_SEASON.
Spain Segunda División,2023,9675,22,468,462,6,0,6,0.01282051282051282,3,1,2,1,2,42,46,42.0,2023-08-11T00:00:00+00:00,2024-06-23T00:00:00+00:00,Exact regular/non-regular split taken from persisted FSMatch.regular_season flag. Kept/filtered non-regular matches derived from LEAGUE_VALID_ROUND_IDS_BY_SEASON.
Spain Segunda División,2024,12467,22,464,462,2,0,2,0.004310344827586207,2,1,1,1,1,42,44,42.0,2024-08-15T00:00:00+00:00,2025-06-21T00:00:00+00:00,Exact regular/non-regular split taken from persisted FSMatch.regular_season flag. Kept/filtered non-regular matches derived from LEAGUE_VALID_ROUND_IDS_BY_SEASON.
Switzerland Super League,2021,6044,10,180,180,0,0,0,0.0,1,1,0,1,0,36,36,36.0,2021-07-24T00:00:00+00:00,2022-05-22T00:00:00+00:00,Exact regular/non-regular split taken from persisted FSMatch.regular_season flag. Kept/filtered non-regular matches derived from LEAGUE_VALID_ROUND_IDS_BY_SEASON.
Switzerland Super League,2022,7504,10,180,180,0,0,0,0.0,1,1,0,1,0,36,36,36.0,2022-07-16T00:00:00+00:00,2023-05-29T00:00:00+00:00,Exact regular/non-regular split taken from persisted FSMatch.regular_season flag. Kept/filtered non-regular matches derived from LEAGUE_VALID_ROUND_IDS_BY_SEASON.
Switzerland Super League,2023,9580,12,228,198,30,30,0,0.13157894736842105,3,1,2,3,0,38,38,38.0,2023-07-22T00:00:00+00:00,2024-05-25T00:00:00+00:00,Exact regular/non-regular split taken from persisted FSMatch.regular_season flag. Kept/filtered non-regular matches derived from LEAGUE_VALID_ROUND_IDS_BY_SEASON.
Switzerland Super League,2024,12326,12,228,198,30,30,0,0.13157894736842105,3,1,2,3,0,38,38,38.0,2024-07-20T00:00:00+00:00,2025-05-24T00:00:00+00:00,Exact regular/non-regular split taken from persisted FSMatch.regular_season flag. Kept/filtered non-regular matches derived from LEAGUE_VALID_ROUND_IDS_BY_SEASON.
Turkey Süper Lig,2021,6125,20,380,380,0,0,0,0.0,1,1,0,1,0,38,38,38.0,2021-08-13T00:00:00+00:00,2022-05-22T00:00:00+00:00,Exact regular/non-regular split taken from persisted FSMatch.regular_season flag. Kept/filtered non-regular matches derived from LEAGUE_VALID_ROUND_IDS_BY_SEASON.
Turkey Süper Lig,2023,9913,20,380,380,0,0,0,0.0,1,1,0,1,0,38,38,38.0,2023-08-11T00:00:00+00:00,2024-05-26T00:00:00+00:00,Exact regular/non-regular split taken from persisted FSMatch.regular_season flag. Kept/filtered non-regular matches derived from LEAGUE_VALID_ROUND_IDS_BY_SEASON.
Turkey Süper Lig,2024,12641,19,342,342,0,0,0,0.0,1,1,0,1,0,36,36,36.0,2024-08-09T00:00:00+00:00,2025-06-01T00:00:00+00:00,Exact regular/non-regular split taken from persisted FSMatch.regular_season flag. Kept/filtered non-regular matches derived from LEAGUE_VALID_ROUND_IDS_BY_SEASON.
