comp_name,season,comp_season_id,round_id,match_count,distinct_teams,regular_matches,non_regular_matches,inferred_round_type,first_match_date,last_match_date
Australia A-League,2021,6639,76909,156,12,156,0,regular-season round type,2021-11-19T00:00:00+00:00,2022-05-10T00:00:00+00:00
Australia A-League,2021,6639,76910,1,2,0,1,non-regular round type,2022-05-28T00:00:00+00:00,2022-05-28T00:00:00+00:00
Australia A-League,2021,6639,76911,4,4,0,4,non-regular round type,2022-05-17T00:00:00+00:00,2022-05-22T00:00:00+00:00
Australia A-League,2021,6639,76912,2,4,0,2,non-regular round type,2022-05-14T00:00:00+00:00,2022-05-15T00:00:00+00:00
Australia A-League,2022,8008,92941,156,12,156,0,regular-season round type,2022-10-07T00:00:00+00:00,2023-04-29T00:00:00+00:00
Australia A-League,2022,8008,92942,1,2,0,1,non-regular round type,2023-06-03T00:00:00+00:00,2023-06-03T00:00:00+00:00
Australia A-League,2022,8008,92943,4,4,0,4,non-regular round type,2023-05-12T00:00:00+00:00,2023-05-20T00:00:00+00:00
Australia A-League,2022,8008,92944,2,4,0,2,non-regular round type,2023-05-05T00:00:00+00:00,2023-05-06T00:00:00+00:00
Australia A-League,2023,10505,103342,162,12,162,0,regular-season round type,2023-10-20T00:00:00+00:00,2024-05-01T00:00:00+00:00
Australia A-League,2023,10505,103343,1,2,0,1,non-regular round type,2024-05-25T00:00:00+00:00,2024-05-25T00:00:00+00:00
Australia A-League,2023,10505,103344,4,4,0,4,non-regular round type,2024-05-10T00:00:00+00:00,2024-05-18T00:00:00+00:00
Australia A-League,2023,10505,103345,2,4,0,2,non-regular round type,2024-05-04T00:00:00+00:00,2024-05-05T00:00:00+00:00
Australia A-League,2024,13703,114723,1,2,0,1,non-regular round type,2025-05-31T00:00:00+00:00,2025-05-31T00:00:00+00:00
Australia A-League,2024,13703,114724,4,4,0,4,non-regular round type,2025-05-16T00:00:00+00:00,2025-05-24T00:00:00+00:00
Australia A-League,2024,13703,114725,2,4,0,2,non-regular round type,2025-05-09T00:00:00+00:00,2025-05-10T00:00:00+00:00
Australia A-League,2024,13703,114726,169,13,169,0,regular-season round type,2024-10-18T00:00:00+00:00,2025-05-04T00:00:00+00:00
Austria Bundesliga,2021,6008,70480,132,12,132,0,regular-season round type,2021-07-23T00:00:00+00:00,2022-03-06T00:00:00+00:00
Austria Bundesliga,2021,6008,70481,2,2,0,2,non-regular round type,2022-05-26T00:00:00+00:00,2022-05-29T00:00:00+00:00
Austria Bundesliga,2021,6008,70482,1,2,0,1,non-regular round type,2022-05-23T00:00:00+00:00,2022-05-23T00:00:00+00:00
Austria Bundesliga,2021,6008,70483,30,6,0,30,non-regular round type,2022-03-13T00:00:00+00:00,2022-05-21T00:00:00+00:00
Austria Bundesliga,2021,6008,70484,30,6,0,30,non-regular round type,2022-03-12T00:00:00+00:00,2022-05-20T00:00:00+00:00
Austria Bundesliga,2022,7890,92495,132,12,132,0,regular-season round type,2022-07-22T00:00:00+00:00,2023-03-19T00:00:00+00:00
Austria Bundesliga,2022,7890,92496,2,2,0,2,non-regular round type,2023-06-08T00:00:00+00:00,2023-06-11T00:00:00+00:00
Austria Bundesliga,2022,7890,92497,1,2,0,1,non-regular round type,2023-06-05T00:00:00+00:00,2023-06-05T00:00:00+00:00
Austria Bundesliga,2022,7890,92498,30,6,0,30,non-regular round type,2023-04-02T00:00:00+00:00,2023-06-03T00:00:00+00:00
Austria Bundesliga,2022,7890,92499,30,6,0,30,non-regular round type,2023-03-31T00:00:00+00:00,2023-06-02T00:00:00+00:00
Austria Bundesliga,2023,9954,101611,132,12,132,0,regular-season round type,2023-07-28T00:00:00+00:00,2024-03-10T00:00:00+00:00
Austria Bundesliga,2023,9954,101612,30,6,0,30,non-regular round type,2024-03-16T00:00:00+00:00,2024-05-18T00:00:00+00:00
Austria Bundesliga,2023,9954,101613,30,6,0,30,non-regular round type,2024-03-15T00:00:00+00:00,2024-05-19T00:00:00+00:00
Austria Bundesliga,2023,9954,101614,2,2,0,2,non-regular round type,2024-05-24T00:00:00+00:00,2024-05-28T00:00:00+00:00
Austria Bundesliga,2023,9954,101615,1,2,0,1,non-regular round type,2024-05-21T00:00:00+00:00,2024-05-21T00:00:00+00:00
Austria Bundesliga,2024,12472,110504,132,12,132,0,regular-season round type,2024-08-02T00:00:00+00:00,2025-03-16T00:00:00+00:00
Austria Bundesliga,2024,12472,110505,30,6,0,30,non-regular round type,2025-03-30T00:00:00+00:00,2025-05-24T00:00:00+00:00
Austria Bundesliga,2024,12472,110506,30,6,0,30,non-regular round type,2025-03-28T00:00:00+00:00,2025-05-23T00:00:00+00:00
Austria Bundesliga,2024,12472,110507,2,2,0,2,non-regular round type,2025-05-29T00:00:00+00:00,2025-06-01T00:00:00+00:00
Austria Bundesliga,2024,12472,110508,1,2,0,1,non-regular round type,2025-05-26T00:00:00+00:00,2025-05-26T00:00:00+00:00
Belgium Pro League,2021,6079,71342,306,18,306,0,regular-season round type,2021-07-23T00:00:00+00:00,2022-04-10T00:00:00+00:00
Belgium Pro League,2021,6079,71344,12,4,0,12,non-regular round type,2022-04-24T00:00:00+00:00,2022-05-22T00:00:00+00:00
Belgium Pro League,2021,6079,71345,12,4,0,12,non-regular round type,2022-04-23T00:00:00+00:00,2022-05-21T00:00:00+00:00
Belgium Pro League,2022,7544,91136,306,18,306,0,regular-season round type,2022-07-22T00:00:00+00:00,2023-04-23T00:00:00+00:00
Belgium Pro League,2022,7544,91138,12,4,0,12,non-regular round type,2023-04-30T00:00:00+00:00,2023-06-04T00:00:00+00:00
Belgium Pro League,2022,7544,91139,12,4,0,12,non-regular round type,2023-04-28T00:00:00+00:00,2023-06-03T00:00:00+00:00
Belgium Pro League,2023,9577,100236,240,16,240,0,regular-season round type,2023-07-28T00:00:00+00:00,2024-03-17T00:00:00+00:00
Belgium Pro League,2023,9577,100237,30,6,0,30,non-regular round type,2024-03-30T00:00:00+00:00,2024-05-26T00:00:00+00:00
Belgium Pro League,2023,9577,100238,30,6,0,30,non-regular round type,2024-03-29T00:00:00+00:00,2024-05-25T00:00:00+00:00
Belgium Pro League,2023,9577,100239,12,4,0,12,non-regular round type,2024-04-06T00:00:00+00:00,2024-05-11T00:00:00+00:00
Belgium Pro League,2023,9577,100360,1,2,0,1,non-regular round type,2024-06-02T00:00:00+00:00,2024-06-02T00:00:00+00:00
Belgium Pro League,2024,12137,109364,240,16,240,0,regular-season round type,2024-07-26T00:00:00+00:00,2025-03-16T00:00:00+00:00
Belgium Pro League,2024,12137,109365,30,6,0,30,non-regular round type,2025-03-29T00:00:00+00:00,2025-05-25T00:00:00+00:00
Belgium Pro League,2024,12137,109366,30,6,0,30,non-regular round type,2025-03-28T00:00:00+00:00,2025-05-24T00:00:00+00:00
Belgium Pro League,2024,12137,109367,12,4,0,12,non-regular round type,2025-03-29T00:00:00+00:00,2025-05-10T00:00:00+00:00
Belgium Pro League,2024,12137,109368,1,2,0,1,non-regular round type,2025-05-29T00:00:00+00:00,2025-05-29T00:00:00+00:00
Denmark Superliga,2021,5961,69687,132,12,132,0,regular-season round type,2021-07-16T00:00:00+00:00,2022-03-20T00:00:00+00:00
Denmark Superliga,2021,5961,69688,1,2,0,1,non-regular round type,2022-05-29T00:00:00+00:00,2022-05-29T00:00:00+00:00
Denmark Superliga,2021,5961,69689,30,6,0,30,non-regular round type,2022-04-03T00:00:00+00:00,2022-05-22T00:00:00+00:00
Denmark Superliga,2021,5961,69690,30,6,0,30,non-regular round type,2022-04-01T00:00:00+00:00,2022-05-21T00:00:00+00:00
Denmark Superliga,2022,7426,90173,132,12,132,0,regular-season round type,2022-07-15T00:00:00+00:00,2023-03-19T00:00:00+00:00
Denmark Superliga,2022,7426,90174,1,2,0,1,non-regular round type,2023-06-09T00:00:00+00:00,2023-06-09T00:00:00+00:00
Denmark Superliga,2022,7426,90175,30,6,0,30,non-regular round type,2023-04-02T00:00:00+00:00,2023-06-04T00:00:00+00:00
Denmark Superliga,2022,7426,90176,30,6,0,30,non-regular round type,2023-03-31T00:00:00+00:00,2023-06-03T00:00:00+00:00
Denmark Superliga,2023,9545,99948,132,12,132,0,regular-season round type,2023-07-21T00:00:00+00:00,2024-03-17T00:00:00+00:00
Denmark Superliga,2023,9545,99949,1,2,0,1,non-regular round type,2024-05-31T00:00:00+00:00,2024-05-31T00:00:00+00:00
Denmark Superliga,2023,9545,99950,30,6,0,30,non-regular round type,2024-04-01T00:00:00+00:00,2024-05-26T00:00:00+00:00
Denmark Superliga,2023,9545,99951,30,6,0,30,non-regular round type,2024-03-31T00:00:00+00:00,2024-05-25T00:00:00+00:00
Denmark Superliga,2024,12132,109324,1,2,0,1,non-regular round type,2025-06-01T00:00:00+00:00,2025-06-01T00:00:00+00:00
Denmark Superliga,2024,12132,109325,30,6,0,30,non-regular round type,2025-03-30T00:00:00+00:00,2025-05-25T00:00:00+00:00
Denmark Superliga,2024,12132,109326,30,6,0,30,non-regular round type,2025-03-28T00:00:00+00:00,2025-05-24T00:00:00+00:00
Denmark Superliga,2024,12132,109327,132,12,132,0,regular-season round type,2024-07-19T00:00:00+00:00,2025-03-16T00:00:00+00:00
England Championship,2021,6089,71403,552,24,552,0,regular-season round type,2021-08-06T00:00:00+00:00,2022-05-07T00:00:00+00:00
England Championship,2021,6089,71404,1,2,0,1,non-regular round type,2022-05-29T00:00:00+00:00,2022-05-29T00:00:00+00:00
England Championship,2021,6089,71405,4,4,0,4,non-regular round type,2022-05-13T00:00:00+00:00,2022-05-17T00:00:00+00:00
England Championship,2022,7593,91360,552,24,552,0,regular-season round type,2022-07-29T00:00:00+00:00,2023-05-08T00:00:00+00:00
England Championship,2022,7593,91361,1,2,0,1,non-regular round type,2023-05-27T00:00:00+00:00,2023-05-27T00:00:00+00:00
England Championship,2022,7593,91362,4,4,0,4,non-regular round type,2023-05-13T00:00:00+00:00,2023-05-17T00:00:00+00:00
England Championship,2023,9663,100549,552,24,552,0,regular-season round type,2023-08-04T00:00:00+00:00,2024-05-04T00:00:00+00:00
England Championship,2023,9663,100550,1,2,0,1,non-regular round type,2024-05-26T00:00:00+00:00,2024-05-26T00:00:00+00:00
England Championship,2023,9663,100551,4,4,0,4,non-regular round type,2024-05-12T00:00:00+00:00,2024-05-17T00:00:00+00:00
England Championship,2024,12451,110437,552,24,552,0,regular-season round type,2024-08-09T00:00:00+00:00,2025-05-03T00:00:00+00:00
England Championship,2024,12451,110438,1,2,0,1,non-regular round type,2025-05-24T00:00:00+00:00,2025-05-24T00:00:00+00:00
England Championship,2024,12451,110439,4,4,0,4,non-regular round type,2025-05-08T00:00:00+00:00,2025-05-13T00:00:00+00:00
England EFL League One,2021,6017,70530,552,24,552,0,regular-season round type,2021-08-07T00:00:00+00:00,2022-04-30T00:00:00+00:00
England EFL League One,2021,6017,70531,1,2,0,1,non-regular round type,2022-05-21T00:00:00+00:00,2022-05-21T00:00:00+00:00
England EFL League One,2021,6017,70532,4,4,0,4,non-regular round type,2022-05-05T00:00:00+00:00,2022-05-09T00:00:00+00:00
England EFL League One,2022,7570,91270,552,24,552,0,regular-season round type,2022-07-30T00:00:00+00:00,2023-05-07T00:00:00+00:00
England EFL League One,2022,7570,91271,1,2,0,1,non-regular round type,2023-05-29T00:00:00+00:00,2023-05-29T00:00:00+00:00
England EFL League One,2022,7570,91272,4,4,0,4,non-regular round type,2023-05-12T00:00:00+00:00,2023-05-19T00:00:00+00:00
England EFL League One,2023,9582,100257,552,24,552,0,regular-season round type,2023-08-05T00:00:00+00:00,2024-04-27T00:00:00+00:00
England EFL League One,2023,9582,100258,1,2,0,1,non-regular round type,2024-05-18T00:00:00+00:00,2024-05-18T00:00:00+00:00
England EFL League One,2023,9582,100259,4,4,0,4,non-regular round type,2024-05-03T00:00:00+00:00,2024-05-08T00:00:00+00:00
England EFL League One,2024,12446,110421,552,24,552,0,regular-season round type,2024-08-09T00:00:00+00:00,2025-05-03T00:00:00+00:00
England EFL League One,2024,12446,110422,1,2,0,1,non-regular round type,2025-05-25T00:00:00+00:00,2025-05-25T00:00:00+00:00
England EFL League One,2024,12446,110423,4,4,0,4,non-regular round type,2025-05-10T00:00:00+00:00,2025-05-15T00:00:00+00:00
England EFL League Two,2021,6015,70518,552,24,552,0,regular-season round type,2021-08-07T00:00:00+00:00,2022-05-07T00:00:00+00:00
England EFL League Two,2021,6015,70519,1,2,0,1,non-regular round type,2022-05-28T00:00:00+00:00,2022-05-28T00:00:00+00:00
England EFL League Two,2021,6015,70520,4,4,0,4,non-regular round type,2022-05-14T00:00:00+00:00,2022-05-19T00:00:00+00:00
England EFL League Two,2022,7574,91288,552,24,552,0,regular-season round type,2022-07-30T00:00:00+00:00,2023-05-08T00:00:00+00:00
England EFL League Two,2022,7574,91289,1,2,0,1,non-regular round type,2023-05-28T00:00:00+00:00,2023-05-28T00:00:00+00:00
England EFL League Two,2022,7574,91290,4,4,0,4,non-regular round type,2023-05-13T00:00:00+00:00,2023-05-20T00:00:00+00:00
England EFL League Two,2023,9581,100252,552,24,552,0,regular-season round type,2023-08-05T00:00:00+00:00,2024-04-27T00:00:00+00:00
England EFL League Two,2023,9581,100253,1,2,0,1,non-regular round type,2024-05-19T00:00:00+00:00,2024-05-19T00:00:00+00:00
England EFL League Two,2023,9581,100254,4,4,0,4,non-regular round type,2024-05-06T00:00:00+00:00,2024-05-11T00:00:00+00:00
England EFL League Two,2024,12422,110360,552,24,552,0,regular-season round type,2024-08-09T00:00:00+00:00,2025-05-03T00:00:00+00:00
England EFL League Two,2024,12422,110361,1,2,0,1,non-regular round type,2025-05-26T00:00:00+00:00,2025-05-26T00:00:00+00:00
England EFL League Two,2024,12422,110362,4,4,0,4,non-regular round type,2025-05-10T00:00:00+00:00,2025-05-17T00:00:00+00:00
France Ligue 2,2021,6018,70537,380,20,380,0,regular-season round type,2021-07-24T00:00:00+00:00,2022-05-14T00:00:00+00:00
France Ligue 2,2021,6018,70538,1,2,0,1,non-regular round type,2022-05-20T00:00:00+00:00,2022-05-20T00:00:00+00:00
France Ligue 2,2021,6018,70539,1,2,0,1,non-regular round type,2022-05-17T00:00:00+00:00,2022-05-17T00:00:00+00:00
France Ligue 2,2023,9621,100424,380,20,380,0,regular-season round type,2023-08-05T00:00:00+00:00,2024-05-17T00:00:00+00:00
France Ligue 2,2023,9621,100425,1,2,0,1,non-regular round type,2024-05-24T00:00:00+00:00,2024-05-24T00:00:00+00:00
France Ligue 2,2023,9621,100426,1,2,0,1,non-regular round type,2024-05-21T00:00:00+00:00,2024-05-21T00:00:00+00:00
France Ligue 2,2024,12338,110068,306,18,306,0,regular-season round type,2024-08-16T00:00:00+00:00,2025-05-10T00:00:00+00:00
France Ligue 2,2024,12338,110069,1,2,0,1,non-regular round type,2025-05-17T00:00:00+00:00,2025-05-17T00:00:00+00:00
France Ligue 2,2024,12338,110070,1,2,0,1,non-regular round type,2025-05-14T00:00:00+00:00,2025-05-14T00:00:00+00:00
India Indian Super League,2021,6659,76989,110,11,110,0,regular-season round type,2021-11-19T00:00:00+00:00,2022-03-07T00:00:00+00:00
India Indian Super League,2021,6659,76990,1,2,0,1,non-regular round type,2022-03-20T00:00:00+00:00,2022-03-20T00:00:00+00:00
India Indian Super League,2021,6659,76991,4,4,0,4,non-regular round type,2022-03-11T00:00:00+00:00,2022-03-16T00:00:00+00:00
India Indian Super League,2022,8342,94212,110,11,110,0,regular-season round type,2022-10-07T00:00:00+00:00,2023-02-26T00:00:00+00:00
India Indian Super League,2022,8342,94213,1,2,0,1,non-regular round type,2023-03-18T00:00:00+00:00,2023-03-18T00:00:00+00:00
India Indian Super League,2022,8342,94214,4,4,0,4,non-regular round type,2023-03-07T00:00:00+00:00,2023-03-13T00:00:00+00:00
India Indian Super League,2022,8342,94215,2,4,0,2,non-regular round type,2023-03-03T00:00:00+00:00,2023-03-04T00:00:00+00:00
India Indian Super League,2023,10625,103943,132,12,132,0,regular-season round type,2023-09-21T00:00:00+00:00,2024-04-15T00:00:00+00:00
India Indian Super League,2023,10625,103944,1,2,0,1,non-regular round type,2024-05-04T00:00:00+00:00,2024-05-04T00:00:00+00:00
India Indian Super League,2023,10625,103945,4,4,0,4,non-regular round type,2024-04-23T00:00:00+00:00,2024-04-29T00:00:00+00:00
India Indian Super League,2023,10625,103946,2,4,0,2,non-regular round type,2024-04-19T00:00:00+00:00,2024-04-20T00:00:00+00:00
Italy Serie A,2022,7608,91440,380,20,380,0,regular-season round type,2022-08-13T00:00:00+00:00,2023-06-04T00:00:00+00:00
Italy Serie A,2022,7608,99576,1,2,0,1,non-regular round type,2023-06-11T00:00:00+00:00,2023-06-11T00:00:00+00:00
Italy Serie B,2022,7864,92413,380,20,380,0,regular-season round type,2022-08-12T00:00:00+00:00,2023-05-19T00:00:00+00:00
Italy Serie B,2022,7864,92414,2,2,0,2,non-regular round type,2023-06-08T00:00:00+00:00,2023-06-11T00:00:00+00:00
Italy Serie B,2022,7864,92415,4,4,0,4,non-regular round type,2023-05-29T00:00:00+00:00,2023-06-03T00:00:00+00:00
Italy Serie B,2022,7864,92416,2,4,0,2,non-regular round type,2023-05-26T00:00:00+00:00,2023-05-27T00:00:00+00:00
Italy Serie B,2022,7864,92417,2,2,0,2,non-regular round type,2023-05-25T00:00:00+00:00,2023-06-01T00:00:00+00:00
Italy Serie B,2023,9808,101135,380,20,380,0,regular-season round type,2023-08-18T00:00:00+00:00,2024-05-10T00:00:00+00:00
Italy Serie B,2023,9808,101136,2,2,0,2,non-regular round type,2024-05-30T00:00:00+00:00,2024-06-02T00:00:00+00:00
Italy Serie B,2023,9808,101137,4,4,0,4,non-regular round type,2024-05-20T00:00:00+00:00,2024-05-25T00:00:00+00:00
Italy Serie B,2023,9808,101138,2,4,0,2,non-regular round type,2024-05-17T00:00:00+00:00,2024-05-18T00:00:00+00:00
Italy Serie B,2023,9808,101139,2,2,0,2,non-regular round type,2024-05-16T00:00:00+00:00,2024-05-23T00:00:00+00:00
Italy Serie B,2024,12621,111101,380,20,380,0,regular-season round type,2024-08-16T00:00:00+00:00,2025-05-13T00:00:00+00:00
Italy Serie B,2024,12621,111102,2,2,0,2,non-regular round type,2025-05-29T00:00:00+00:00,2025-06-01T00:00:00+00:00
Italy Serie B,2024,12621,111103,4,4,0,4,non-regular round type,2025-05-21T00:00:00+00:00,2025-05-25T00:00:00+00:00
Italy Serie B,2024,12621,111104,2,4,0,2,non-regular round type,2025-05-17T00:00:00+00:00,2025-05-17T00:00:00+00:00
Italy Serie B,2024,12621,111105,2,2,0,2,non-regular round type,2025-06-15T00:00:00+00:00,2025-06-22T00:00:00+00:00
Netherlands Eredivisie,2021,5951,69596,306,18,306,0,regular-season round type,2021-08-13T00:00:00+00:00,2022-05-15T00:00:00+00:00
Netherlands Eredivisie,2021,5951,69597,2,2,0,2,non-regular round type,2022-05-26T00:00:00+00:00,2022-05-29T00:00:00+00:00
Netherlands Eredivisie,2021,5951,69598,4,4,0,4,non-regular round type,2022-05-19T00:00:00+00:00,2022-05-22T00:00:00+00:00
Netherlands Eredivisie,2022,7482,90847,306,18,306,0,regular-season round type,2022-08-05T00:00:00+00:00,2023-05-28T00:00:00+00:00
Netherlands Eredivisie,2022,7482,90848,2,2,0,2,non-regular round type,2023-06-08T00:00:00+00:00,2023-06-11T00:00:00+00:00
Netherlands Eredivisie,2022,7482,90849,4,4,0,4,non-regular round type,2023-06-01T00:00:00+00:00,2023-06-04T00:00:00+00:00
Netherlands Eredivisie,2023,9653,100519,306,18,306,0,regular-season round type,2023-08-11T00:00:00+00:00,2024-05-19T00:00:00+00:00
Netherlands Eredivisie,2023,9653,100520,1,2,0,1,non-regular round type,2024-05-26T00:00:00+00:00,2024-05-26T00:00:00+00:00
Netherlands Eredivisie,2023,9653,100521,2,4,0,2,non-regular round type,2024-05-23T00:00:00+00:00,2024-05-23T00:00:00+00:00
Netherlands Eredivisie,2024,12322,110009,306,18,306,0,regular-season round type,2024-08-09T00:00:00+00:00,2025-05-18T00:00:00+00:00
Netherlands Eredivisie,2024,12322,110010,1,2,0,1,non-regular round type,2025-05-25T00:00:00+00:00,2025-05-25T00:00:00+00:00
Netherlands Eredivisie,2024,12322,110011,2,4,0,2,non-regular round type,2025-05-22T00:00:00+00:00,2025-05-22T00:00:00+00:00
Scotland Premiership,2021,5992,70405,30,12,0,30,non-regular round type,2022-04-23T00:00:00+00:00,2022-05-15T00:00:00+00:00
Scotland Premiership,2021,5992,70406,198,12,198,0,regular-season round type,2021-07-31T00:00:00+00:00,2022-04-10T00:00:00+00:00
Scotland Premiership,2022,7494,90927,198,12,198,0,regular-season round type,2022-07-30T00:00:00+00:00,2023-04-23T00:00:00+00:00
Scotland Premiership,2022,7494,90928,30,12,0,30,non-regular round type,2023-05-06T00:00:00+00:00,2023-05-28T00:00:00+00:00
Scotland Premiership,2023,9636,100485,198,12,198,0,regular-season round type,2023-08-05T00:00:00+00:00,2024-04-17T00:00:00+00:00
Scotland Premiership,2023,9636,100486,30,12,0,30,non-regular round type,2024-04-27T00:00:00+00:00,2024-05-19T00:00:00+00:00
Scotland Premiership,2024,12455,110446,198,12,198,0,regular-season round type,2024-08-03T00:00:00+00:00,2025-04-13T00:00:00+00:00
Scotland Premiership,2024,12455,110447,30,12,0,30,non-regular round type,2025-04-26T00:00:00+00:00,2025-05-18T00:00:00+00:00
Spain Segunda División,2021,6120,71625,462,22,462,0,regular-season round type,2021-08-13T00:00:00+00:00,2022-05-29T00:00:00+00:00
Spain Segunda División,2021,6120,71626,2,2,0,2,non-regular round type,2022-06-11T00:00:00+00:00,2022-06-19T00:00:00+00:00
Spain Segunda División,2021,6120,71627,4,4,0,4,non-regular round type,2022-06-01T00:00:00+00:00,2022-06-05T00:00:00+00:00
Spain Segunda División,2022,7592,91355,462,22,462,0,regular-season round type,2022-08-12T00:00:00+00:00,2023-05-28T00:00:00+00:00
Spain Segunda División,2022,7592,91356,2,2,0,2,non-regular round type,2023-06-11T00:00:00+00:00,2023-06-17T00:00:00+00:00
Spain Segunda División,2022,7592,91357,4,4,0,4,non-regular round type,2023-06-03T00:00:00+00:00,2023-06-08T00:00:00+00:00
Spain Segunda División,2023,9675,100613,462,22,462,0,regular-season round type,2023-08-11T00:00:00+00:00,2024-06-02T00:00:00+00:00
Spain Segunda División,2023,9675,100614,2,2,0,2,non-regular round type,2024-06-16T00:00:00+00:00,2024-06-23T00:00:00+00:00
Spain Segunda División,2023,9675,100615,4,4,0,4,non-regular round type,2024-06-08T00:00:00+00:00,2024-06-13T00:00:00+00:00
Spain Segunda División,2024,12467,110497,462,22,462,0,regular-season round type,2024-08-15T00:00:00+00:00,2025-06-01T00:00:00+00:00
Spain Segunda División,2024,12467,118585,2,2,0,2,non-regular round type,2025-06-15T00:00:00+00:00,2025-06-21T00:00:00+00:00
Switzerland Super League,2023,9580,100248,198,12,198,0,regular-season round type,2023-07-22T00:00:00+00:00,2024-04-21T00:00:00+00:00
Switzerland Super League,2023,9580,100249,15,6,0,15,non-regular round type,2024-05-04T00:00:00+00:00,2024-05-25T00:00:00+00:00
Switzerland Super League,2023,9580,100250,15,6,0,15,non-regular round type,2024-05-04T00:00:00+00:00,2024-05-21T00:00:00+00:00
Switzerland Super League,2024,12326,110027,198,12,198,0,regular-season round type,2024-07-20T00:00:00+00:00,2025-04-21T00:00:00+00:00
Switzerland Super League,2024,12326,110028,15,6,0,15,non-regular round type,2025-05-03T00:00:00+00:00,2025-05-24T00:00:00+00:00
Switzerland Super League,2024,12326,110029,15,6,0,15,non-regular round type,2025-05-03T00:00:00+00:00,2025-05-22T00:00:00+00:00
